[{"model": "contenttypes.contenttype", "pk": 1, "fields": {"app_label": "admin", "model": "logentry"}}, {"model": "contenttypes.contenttype", "pk": 2, "fields": {"app_label": "auth", "model": "permission"}}, {"model": "contenttypes.contenttype", "pk": 3, "fields": {"app_label": "auth", "model": "group"}}, {"model": "contenttypes.contenttype", "pk": 4, "fields": {"app_label": "auth", "model": "user"}}, {"model": "contenttypes.contenttype", "pk": 5, "fields": {"app_label": "contenttypes", "model": "contenttype"}}, {"model": "contenttypes.contenttype", "pk": 6, "fields": {"app_label": "sessions", "model": "session"}}, {"model": "contenttypes.contenttype", "pk": 7, "fields": {"app_label": "student", "model": "ability"}}, {"model": "contenttypes.contenttype", "pk": 8, "fields": {"app_label": "student", "model": "dept"}}, {"model": "contenttypes.contenttype", "pk": 9, "fields": {"app_label": "student", "model": "fillquestion"}}, {"model": "contenttypes.contenttype", "pk": 10, "fields": {"app_label": "student", "model": "major"}}, {"model": "contenttypes.contenttype", "pk": 11, "fields": {"app_label": "student", "model": "paper"}}, {"model": "contenttypes.contenttype", "pk": 12, "fields": {"app_label": "student", "model": "question"}}, {"model": "contenttypes.contenttype", "pk": 13, "fields": {"app_label": "student", "model": "student"}}, {"model": "contenttypes.contenttype", "pk": 14, "fields": {"app_label": "student", "model": "teacher"}}, {"model": "contenttypes.contenttype", "pk": 15, "fields": {"app_label": "student", "model": "subject"}}, {"model": "contenttypes.contenttype", "pk": 16, "fields": {"app_label": "student", "model": "questionanswer"}}, {"model": "contenttypes.contenttype", "pk": 17, "fields": {"app_label": "student", "model": "grade"}}, {"model": "contenttypes.contenttype", "pk": 18, "fields": {"app_label": "student", "model": "fillquestionanswer"}}, {"model": "sessions.session", "pk": "0hd95un8docxec5wymk82iyhazpj6hhm", "fields": {"session_data": "NTE4YjVhNWFlMDQ3OGQ3NzI2YjI2YzVjZGY0ZDA4Yzg5ZGM4YzRiMDp7Il9hdXRoX3VzZXJfaWQiOiIxIiwiX2F1dGhfdXNlcl9iYWNrZW5kIjoiZGphbmdvLmNvbnRyaWIuYXV0aC5iYWNrZW5kcy5Nb2RlbEJhY2tlbmQiLCJfYXV0aF91c2VyX2hhc2giOiJjMTI2OTNlZmI3OGJiMDAwZGUwNzg0N2Q4MzcyODE3YTZiYTBhOGZmIn0=", "expire_date": "2021-05-26T14:29:50.933"}}, {"model": "sessions.session", "pk": "wx2qtnutycxhwfzy7lpgbcxo8w4snj8o", "fields": {"session_data": "NTE4YjVhNWFlMDQ3OGQ3NzI2YjI2YzVjZGY0ZDA4Yzg5ZGM4YzRiMDp7Il9hdXRoX3VzZXJfaWQiOiIxIiwiX2F1dGhfdXNlcl9iYWNrZW5kIjoiZGphbmdvLmNvbnRyaWIuYXV0aC5iYWNrZW5kcy5Nb2RlbEJhY2tlbmQiLCJfYXV0aF91c2VyX2hhc2giOiJjMTI2OTNlZmI3OGJiMDAwZGUwNzg0N2Q4MzcyODE3YTZiYTBhOGZmIn0=", "expire_date": "2021-05-19T02:42:20.280"}}, {"model": "student.dept", "pk": 1, "fields": {"dept": "\u8ba1\u7b97\u673a\u4e0e\u901a\u4fe1\u5b66\u9662"}}, {"model": "student.dept", "pk": 2, "fields": {"dept": "\u7535\u6c14\u4e0e\u81ea\u52a8\u5316\u5b66\u9662"}}, {"model": "student.dept", "pk": 3, "fields": {"dept": "\u5916\u56fd\u8bed\u5b66\u9662"}}, {"model": "student.dept", "pk": 4, "fields": {"dept": "\u7406\u5b66\u9662"}}, {"model": "student.major", "pk": 1, "fields": {"major": "\u8ba1\u7b97\u673a\u79d1\u5b66\u4e0e\u6280\u672f", "dept": 1}}, {"model": "student.major", "pk": 2, "fields": {"major": "\u7f51\u7edc\u5de5\u7a0b", "dept": 1}}, {"model": "student.major", "pk": 3, "fields": {"major": "\u7269\u8054\u7f51", "dept": 1}}, {"model": "student.major", "pk": 4, "fields": {"major": "\u673a\u68b0\u8bbe\u8ba1\u5236\u9020\u53ca\u5176\u81ea\u52a8\u5316", "dept": 2}}, {"model": "student.major", "pk": 5, "fields": {"major": "\u81ea\u52a8\u5316", "dept": 2}}, {"model": "student.major", "pk": 6, "fields": {"major": "\u7535\u6c14\u5de5\u7a0b", "dept": 2}}, {"model": "student.major", "pk": 7, "fields": {"major": "\u65e5\u8bed", "dept": 3}}, {"model": "student.major", "pk": 8, "fields": {"major": "\u6cd5\u8bed", "dept": 3}}, {"model": "student.major", "pk": 9, "fields": {"major": "\u82f1\u8bed", "dept": 3}}, {"model": "student.major", "pk": 10, "fields": {"major": "\u6570\u5b66\u4e0e\u5e94\u7528\u6570\u5b66", "dept": 4}}, {"model": "student.major", "pk": 11, "fields": {"major": "\u5e94\u7528\u7269\u7406\u5b66", "dept": 4}}, {"model": "student.major", "pk": 12, "fields": {"major": "\u5149\u7535\u4fe1\u606f\u79d1\u5b66\u548c\u5de5\u7a0b", "dept": 4}}, {"model": "student.student", "pk": "006", "fields": {"name": "\u5f20\u65e0\u5fcc", "sex": "\u7537", "dept": "\u8ba1\u7b97\u673a\u4e0e\u901a\u4fe1\u5b66\u9662", "major": "\u7f51\u7edc\u5de5\u7a0b", "password": "111", "email": "admin@4.com", "birth": "1999-01-18"}}, {"model": "student.student", "pk": "007", "fields": {"name": "\u8d75\u654f", "sex": "\u5973", "dept": "\u8ba1\u7b97\u673a\u4e0e\u901a\u4fe1\u5b66\u9662", "major": "\u7269\u8054\u7f51", "password": "111", "email": "5@6.com", "birth": "1999-10-11"}}, {"model": "student.student", "pk": "008", "fields": {"name": "\u5468\u82b7\u82e5", "sex": "\u5973", "dept": "\u8ba1\u7b97\u673a\u4e0e\u901a\u4fe1\u5b66\u9662", "major": "\u7f51\u7edc\u5de5\u7a0b", "password": "111", "email": "6@3.com", "birth": "1998-01-01"}}, {"model": "student.student", "pk": "1", "fields": {"name": "\u6b27\u9633\u950b", "sex": "\u7537", "dept": "\u8ba1\u7b97\u673a\u4e0e\u901a\u4fe1\u5b66\u9662", "major": "\u7f51\u7edc\u5de5\u7a0b", "password": "0", "email": "789@789.com", "birth": "2021-05-20"}}, {"model": "student.student", "pk": "2", "fields": {"name": "\u674e\u6797", "sex": "\u7537", "dept": "\u8ba1\u7b97\u673a\u4e0e\u901a\u4fe1\u5b66\u9662", "major": "\u8ba1\u7b97\u673a\u79d1\u5b66\u4e0e\u6280\u672f", "password": "admin", "email": "admin@1.com", "birth": "2021-05-21"}}, {"model": "student.student", "pk": "3", "fields": {"name": "\u674e\u4e9a\u7537", "sex": "\u5973", "dept": "\u7406\u5b66\u9662", "major": "\u5e94\u7528\u7269\u7406\u5b66", "password": "admin", "email": "admin@5.com", "birth": "2021-05-24"}}, {"model": "student.student", "pk": "4", "fields": {"name": "\u5f20\u674e\u5929", "sex": "\u7537", "dept": "\u5916\u56fd\u8bed\u5b66\u9662", "major": "\u6cd5\u8bed", "password": "111", "email": "6@3.com", "birth": "2021-05-01"}}, {"model": "student.teacher", "pk": "007", "fields": {"name": "\u90ed\u9756", "sex": "\u7537", "dept": "\u8ba1\u7b97\u673a\u4e0e\u901a\u4fe1\u5b66\u9662", "email": "3@4.com", "password": "admin", "birth": "1990-07-05"}}, {"model": "student.teacher", "pk": "1", "fields": {"name": "\u9ec4\u84c9", "sex": "\u5973", "dept": "\u5916\u56fd\u8bed\u5b66\u9662", "email": "admin@4.com", "password": "0", "birth": "2021-05-19"}}, {"model": "student.teacher", "pk": "2", "fields": {"name": "\u5f20\u53cc\u5168", "sex": "\u5973", "dept": "\u7535\u6c14\u4e0e\u81ea\u52a8\u5316\u5b66\u9662", "email": "as@11.com", "password": "admin", "birth": "2021-05-22"}}, {"model": "student.teacher", "pk": "3", "fields": {"name": "\u674e\u4e3d\u5a1c", "sex": "\u5973", "dept": "\u7406\u5b66\u9662", "email": "admin@2.com", "password": "admin", "birth": "2021-05-27"}}, {"model": "student.teacher", "pk": "5", "fields": {"name": "\u5f20\u4e09\u4e30", "sex": "\u7537", "dept": "\u7406\u5b66\u9662", "email": "123@123.com", "password": "0", "birth": "2021-05-20"}}, {"model": "student.subject", "pk": 1, "fields": {"tea_id": "3", "subject": "\u9ad8\u6570", "stu_id": ["1", "2"], "major": [1, 2, 3, 4, 5, 6, 10, 11, 12]}}, {"model": "student.subject", "pk": 2, "fields": {"tea_id": "5", "subject": "\u9ad8\u6570", "stu_id": ["3"], "major": [1, 2, 3, 4, 5, 6, 10, 11, 12]}}, {"model": "student.subject", "pk": 3, "fields": {"tea_id": "3", "subject": "\u7ebf\u6027\u4ee3\u6570", "stu_id": ["1", "2", "3"], "major": [1, 2, 3, 4, 5, 6, 10, 11, 12]}}, {"model": "student.subject", "pk": 4, "fields": {"tea_id": "1", "subject": "\u6cd5\u8bed\u7efc\u5408\u8bfe", "stu_id": ["4"], "major": [8]}}, {"model": "student.subject", "pk": 5, "fields": {"tea_id": "3", "subject": "\u6982\u7387\u8bba", "stu_id": ["1", "2", "3"], "major": [1, 2, 3, 4, 5, 6, 10, 11, 12]}}, {"model": "student.subject", "pk": 6, "fields": {"tea_id": "007", "subject": "\u7f51\u7edc\u5de5\u7a0b", "stu_id": ["006", "007", "008", "1", "2"], "major": [1, 2, 3]}}, {"model": "student.subject", "pk": 7, "fields": {"tea_id": "007", "subject": "\u6570\u636e\u7ed3\u6784", "stu_id": ["006", "007", "008", "1", "2"], "major": [1, 2, 3]}}, {"model": "student.subject", "pk": 8, "fields": {"tea_id": "007", "subject": "\u8ba1\u7b97\u673a\u7ec4\u6210\u539f\u7406", "stu_id": ["006", "007", "008", "1", "2"], "major": [1, 2, 3]}}, {"model": "student.ability", "pk": 1, "fields": {"ability": 1, "chapter": "\u7b2c\u4e00\u3001\u4e8c\u7ae0", "subject": "\u9ad8\u6570"}}, {"model": "student.ability", "pk": 2, "fields": {"ability": 2, "chapter": "\u7b2c\u4e09\u3001\u56db\u7ae0", "subject": "\u9ad8\u6570"}}, {"model": "student.ability", "pk": 3, "fields": {"ability": 3, "chapter": "\u7b2c\u4e94\u3001\u516d\u7ae0", "subject": "\u9ad8\u6570"}}, {"model": "student.ability", "pk": 4, "fields": {"ability": 4, "chapter": "\u7b2c\u4e03\u3001\u516b\u7ae0", "subject": "\u9ad8\u6570"}}, {"model": "student.ability", "pk": 5, "fields": {"ability": 5, "chapter": "\u7b2c\u4e5d\u3001\u5341\u7ae0", "subject": "\u9ad8\u6570"}}, {"model": "student.ability", "pk": 6, "fields": {"ability": 1, "chapter": "\u7b2c\u4e00\u3001\u4e8c\u7ae0", "subject": "\u7ebf\u6027\u4ee3\u6570"}}, {"model": "student.ability", "pk": 7, "fields": {"ability": 2, "chapter": "\u7b2c\u4e09\u3001\u56db\u7ae0", "subject": "\u7ebf\u6027\u4ee3\u6570"}}, {"model": "student.ability", "pk": 8, "fields": {"ability": 3, "chapter": "\u7b2c\u4e94\u3001\u516d\u7ae0", "subject": "\u7ebf\u6027\u4ee3\u6570"}}, {"model": "student.ability", "pk": 9, "fields": {"ability": 4, "chapter": "\u7b2c\u4e03\u3001\u516b\u7ae0", "subject": "\u7ebf\u6027\u4ee3\u6570"}}, {"model": "student.ability", "pk": 10, "fields": {"ability": 1, "chapter": "1\u30012", "subject": "\u7f51\u7edc\u5de5\u7a0b"}}, {"model": "student.ability", "pk": 11, "fields": {"ability": 2, "chapter": "3\u30014", "subject": "\u7f51\u7edc\u5de5\u7a0b"}}, {"model": "student.ability", "pk": 12, "fields": {"ability": 3, "chapter": "5\u30016", "subject": "\u7f51\u7edc\u5de5\u7a0b"}}, {"model": "student.ability", "pk": 13, "fields": {"ability": 4, "chapter": "7\u30018", "subject": "\u7f51\u7edc\u5de5\u7a0b"}}, {"model": "student.ability", "pk": 14, "fields": {"ability": 5, "chapter": "9\u300110", "subject": "\u7f51\u7edc\u5de5\u7a0b"}}, {"model": "student.ability", "pk": 15, "fields": {"ability": 1, "chapter": "1\u30012\u30013", "subject": "\u6570\u636e\u7ed3\u6784"}}, {"model": "student.ability", "pk": 16, "fields": {"ability": 2, "chapter": "4", "subject": "\u6570\u636e\u7ed3\u6784"}}, {"model": "student.ability", "pk": 17, "fields": {"ability": 3, "chapter": "5", "subject": "\u6570\u636e\u7ed3\u6784"}}, {"model": "student.question", "pk": 2, "fields": {"subject": "\u9ad8\u6570", "ability": 1, "chapter": "\u7b2c\u4e00\u3001\u4e8c\u7ae0", "title": "\u201c\u5bf9\u4efb\u610f\u7684e> 0,\u5b58\u5728N>0,\u5f53n>N\u65f6, |an-A |< 3e\u201d\u662f\u6570\u5217 {an}\u6536\u655b\u4e8eA\u7684( ).", "optionA": "\u5145\u5206\u6761\u4ef6", "optionB": "\u5145\u5206\u5fc5\u8981\u6761\u4ef6", "optionC": "\u5fc5\u8981\u6761\u4ef6", "optionD": "\u65e2\u975e\u5145\u5206\u53c8\u975e\u5fc5\u8981\u6761\u4ef6", "answer": "C", "level": "1", "score": 20}}, {"model": "student.question", "pk": 3, "fields": {"subject": "\u9ad8\u6570", "ability": 1, "chapter": "\u7b2c\u4e00\u3001\u4e8c\u7ae0", "title": "\u8bbe\u51fd\u6570f(x)\u7684\u5b9a\u4e49\u57df\u4e3a(-\u221e,+\u221e),\u5219\u51fd\u6570f(x)+f(-x)\u7684\u56fe\u5f62\u5173\u4e8e\uff08\uff09\u5bf9\u79f0\u3002", "optionA": "y=x", "optionB": "x\u8f74", "optionC": "y\u8f74", "optionD": "\u5750\u6807\u539f\u70b9", "answer": "C", "level": "1", "score": 20}}, {"model": "student.question", "pk": 4, "fields": {"subject": "\u7f51\u7edc\u5de5\u7a0b", "ability": 1, "chapter": "1\u30012", "title": "\u67d0\u4e3b\u673a\u7684IP\u5730\u5740\u4e3a220.117.131.12/21,\u5176\u5b50\u7f51\u63a9\u7801\u4e3a\uff08\uff09", "optionA": "255.255.248.0", "optionB": "255.255.240.0", "optionC": "255.255.252.0", "optionD": "255.255.255.0", "answer": "A", "level": "1", "score": 20}}, {"model": "student.question", "pk": 5, "fields": {"subject": "\u7f51\u7edc\u5de5\u7a0b", "ability": 2, "chapter": "3\u30014", "title": "\u5c42\u6b21\u5316\u7f51\u7edc\u62d3\u6251\u7ed3\u6784\u8bbe\u8ba1\u4e2d\uff0c\u7531\u4e0a\u81ea\u4e0b\u5206\u522b\u4e3a\uff08\uff09", "optionA": "\u6838\u5fc3\u5c42\u3001\u6c47\u805a\u5c42\u3001\u63a5\u5165\u5c42", "optionB": "\u6838\u5fc3\u5c42\u3001\u63a5\u5165\u5c42\u3001\u6c47\u805a\u5c42", "optionC": "\u6c47\u805a\u5c42\u3001\u63a5\u5165\u5c42\u3001\u6838\u5fc3\u5c42", "optionD": "\u63a5\u5165\u5c42\u3001\u6c47\u805a\u5c42\u3001\u6838\u5fc3\u5c42", "answer": "A", "level": "2", "score": 20}}, {"model": "student.question", "pk": 6, "fields": {"subject": "\u7f51\u7edc\u5de5\u7a0b", "ability": 3, "chapter": "5\u30016", "title": "\u5f53\u4e00\u53f0\u4e3b\u673a\u4ece\u53e6\u4e00\u4e2a\u7f51\u6bb5\u8fc1\u79fb\u5230\u53e6\u4e00\u4e2a\u7f51\u6bb5\u65f6\uff0c\u4ee5\u4e0b\u8bf4\u6cd5\u6b63\u786e\u7684\u65f6\uff08\uff09", "optionA": "\u5fc5\u987b\u6539\u53d8\u5b83\u7684IP\u5730\u5740\u548cMAC\u5730\u5740", "optionB": "\u5fc5\u987b\u6539\u53d8\u5b83\u7684IP\u5730\u5740\uff0c\u4f46\u4e0d\u9700\u8981\u6539\u52a8MAC\u5730\u5740", "optionC": "\u5fc5\u987b\u6539\u53d8\u5b83\u7684MAC\u5730\u5740\uff0c\u4f46\u4e0d\u9700\u8981\u6539\u53d8IP\u5730\u5740", "optionD": "MAC\u5730\u5740\u3001IP\u5730\u5740\u90fd\u4e0d\u9700\u8981\u6539\u52a8", "answer": "B", "level": "3", "score": 20}}, {"model": "student.question", "pk": 7, "fields": {"subject": "\u7f51\u7edc\u5de5\u7a0b", "ability": 1, "chapter": "1\u30012", "title": "\u7f51\u6bb5\u5730\u5740154.27.0.0/16\u7f51\u7edc\uff0c\u4e0d\u505a\u5b50\u7f51\u5212\u5206\u3001\u80fd\u652f\u6301\uff08\uff09\u53f0\u4e3b\u673a", "optionA": "254", "optionB": "1024", "optionC": "65534", "optionD": "16777214", "answer": "C", "level": "2", "score": 20}}, {"model": "student.question", "pk": 8, "fields": {"subject": "\u7f51\u7edc\u5de5\u7a0b", "ability": 2, "chapter": "3\u30014", "title": "\uff08\uff09\u662f\u4e00\u79cd\u5e7f\u64ad\uff0c\u4e3b\u673a\u901a\u8fc7\u5b83\u53ef\u4ee5\u52a8\u6001\u7684\u53d1\u73b0\u5bf9\u5e94\u4e8e\u4e00\u4e2aIP\u5730\u5740\u7684MAC\u5730\u5740", "optionA": "DHCP", "optionB": "ARP", "optionC": "RARP", "optionD": "ICMP", "answer": "A", "level": "2", "score": 20}}, {"model": "student.question", "pk": 9, "fields": {"subject": "\u6570\u636e\u7ed3\u6784", "ability": 1, "chapter": "1\u30012\u30013", "title": "\u6808\u548c\u961f\u5217\u7684\u5171\u540c\u7279\u70b9\u662f\uff08\uff09", "optionA": "\u53ea\u5141\u8bb8\u5728\u7aef\u70b9\u5904\u63d2\u5165\u548c\u5220\u9664\u64cd\u4f5c", "optionB": "\u90fd\u662f\u5148\u8fdb\u540e\u51fa", "optionC": "\u90fd\u662f\u5148\u8fdb\u5148\u51fa", "optionD": "\u6ca1\u6709\u5171\u540c\u70b9", "answer": "A", "level": "1", "score": 20}}, {"model": "student.question", "pk": 10, "fields": {"subject": "\u6570\u636e\u7ed3\u6784", "ability": 1, "chapter": "1\u30012\u30013", "title": "\u8bbe\u7531\u4e00\u4e2a\u4e8c\u7ef4\u6570\u7ec4A[m][n],\u5047\u8bbeA[0][0],\u7684\u5b58\u653e\u4f4d\u7f6e\u5728644\uff0810\u8fdb\u5236\uff09A[2][2]\u5b58\u653e\u4f4d\u7f6e\u5728676\uff0810\u8fdb\u5236\uff09\uff0c\u6bcf\u4e2a\u5143\u7d20\u5360\u4e00\u4e2a\u7a7a\u95f4\uff0cA[3][3]\u5b58\u653e\u5728\u4ec0\u4e48\u4f4d\u7f6e\uff1f", "optionA": "688", "optionB": "678", "optionC": "692", "optionD": "696", "answer": "C", "level": "3", "score": 20}}, {"model": "student.question", "pk": 11, "fields": {"subject": "\u6570\u636e\u7ed3\u6784", "ability": 2, "chapter": "4", "title": "\u6811\u6700\u9002\u5408\u7528\u6765\u8868\u793a", "optionA": "\u6709\u5e8f\u6570\u636e\u5143\u7d20", "optionB": "\u65e0\u5e8f\u6570\u636e\u5143\u7d20", "optionC": "\u5143\u7d20\u4e4b\u95f4\u5177\u6709\u5206\u652f\u5c42\u6b21\u5173\u7cfb\u7684\u6570\u636e", "optionD": "\u5143\u7d20\u4e4b\u95f4\u65e0\u8054\u7cfb\u7684\u6811", "answer": "C", "level": "1", "score": 20}}, {"model": "student.question", "pk": 12, "fields": {"subject": "\u6570\u636e\u7ed3\u6784", "ability": 3, "chapter": "5", "title": "\u82e5\u670918\u4e2a\u5143\u7d20\u7684\u6709\u5e8f\u8868\u5bf8\u653e\u5728\u4e00\u7ef4\u6570\u7ec4\u4e2dA[19]\u4e2d\uff0c\u7b2c\u4e00\u4e2a\u5143\u7d20\u653eA[1]\u4e2d\uff0c\u73b0\u5728\u8fdb\u884c\u4e8c\u5206\u67e5\u627e\uff0c\u5219\u67e5\u627eA[3]\u7684\u6bd4\u8f83\u5e8f\u5217\u7684\u4e0b\u6807\u4f9d\u6b21\u4e3a\uff08\uff09", "optionA": "1,2,3", "optionB": "9,5,2,3", "optionC": "9,5,3", "optionD": "9,4,2,3", "answer": "D", "level": "2", "score": 20}}, {"model": "student.question", "pk": 13, "fields": {"subject": "\u6570\u636e\u7ed3\u6784", "ability": 2, "chapter": "4", "title": "\u5bf9\u4e8e\u7ebf\u6027\u8868(7,34,55,25,64,46,20,10)\u8fdb\u884c\u6563\u5217\u5b58\u50a8\u65f6\uff0c\u82e5\u9009\u7528H(K)=K%9\u4f5c\u4e3a\u6563\u5217\u51fd\u6570\uff0c\u5219\u6563\u5217\u5730\u5740\u4e3a1\u7684\u5143\u7d20\u7531\uff08\uff09\u4e2a", "optionA": "1", "optionB": "2", "optionC": "3", "optionD": "4", "answer": "D", "level": "2", "score": 20}}, {"model": "student.fillquestion", "pk": 1, "fields": {"subject": "\u7f51\u7edc\u5de5\u7a0b", "ability": 2, "chapter": "3\u30014", "title": "ISO\u5b9a\u4e49\u7684\u4e94\u5927\u7f51\u7edc\u7ba1\u7406\u529f\u80fd\u5305\u62ec\u6545\u969c\u7ba1\u7406\u3001_____\u3001_____\u3001_____\u548c\u5b89\u5168\u7ba1\u7406", "count": 3, "answerA": "\u6027\u80fd\u7ba1\u7406", "answerB": "\u914d\u7f6e\u7ba1\u7406", "answerC": "\u8ba1\u8d39\u7ba1\u7406", "answerD": "#", "answerE": "#", "level": "2", "score": 20, "order": 2}}, {"model": "student.fillquestion", "pk": 2, "fields": {"subject": "\u7f51\u7edc\u5de5\u7a0b", "ability": 2, "chapter": "3\u30014", "title": "\u9632\u706b\u5899\u662f_____\u4e0eInternet\u4e4b\u95f4\u7684\u552f\u4e00\u8fde\u63a5\u70b9\u3001\u5728\u5b89\u5168\u4e0a\u4ee5\u96c6\u4e2d\u65b9\u5f0f\u63a7\u5236\u4fe1\u606f\u7684\u6d41\u52a8\u3002\u9632\u706b\u5899\u7cfb\u7edf\u4e3b\u8981\u7531\u4e24\u5927\u90e8\u4ef6\u7ec4\u6210\uff1a\u4e00\u4e2a\u79f0\u4e3a_____\uff0c\u7528\u4e8e\u9650\u5236\u4e24\u4e2a\u7f51\u7edc\u4e4b\u95f4\u7684\u4fe1\u606f\u81ea\u7531\uff1b\u53e6\u4e00\u4e2a\u90e8\u4ef6\u79f0\u4e3a____\uff0c\u7528\u4e8e\u63a5\u6536\u548c\u5904\u7406\u6765\u81ea\u5916\u90e8\u7f51\u7edc\u7684\u4fe1\u606f", "count": 3, "answerA": "\u5185\u90e8\u7f51", "answerB": "\u9600", "answerC": "\u95e8", "answerD": "#", "answerE": "#", "level": "3", "score": 20, "order": 1}}, {"model": "student.fillquestion", "pk": 3, "fields": {"subject": "\u7f51\u7edc\u5de5\u7a0b", "ability": 4, "chapter": "7\u30018", "title": "ServU\u662f\u63d0\u4f9b_____\u670d\u52a1\u7684\u670d\u52a1\u7a0b\u5e8f\uff0cSendmail\u662f\u63d0\u4f9b_____\u670d\u52a1\u7684\u670d\u52a1\u7a0b\u5e8f", "count": 2, "answerA": "FTP", "answerB": "E-mail", "answerC": "#", "answerD": "#", "answerE": "#", "level": "2", "score": 20, "order": 1}}, {"model": "student.fillquestion", "pk": 4, "fields": {"subject": "\u7f51\u7edc\u5de5\u7a0b", "ability": 3, "chapter": "5\u30016", "title": "\u534f\u8bae\u7684\u4e09\u8981\u7d20___\u3001____\u3001____", "count": 3, "answerA": "\u8bed\u6cd5", "answerB": "\u8bed\u4e49", "answerC": "\u5b9a\u65f6\u5173\u7cfb", "answerD": "#", "answerE": "#", "level": "3", "score": 20, "order": 2}}, {"model": "student.fillquestion", "pk": 5, "fields": {"subject": "\u7f51\u7edc\u5de5\u7a0b", "ability": 3, "chapter": "5\u30016", "title": "\u7531HUB\u8fde\u63a5\u800c\u6210\u7684\u7f51\u7edc\uff0c\u4ece\u7269\u7406\u62d3\u6251\u7ed3\u6784\u4e0a\u770b\u662f\u4e00\u4e2a____\u7f51\u7edc\uff0c\u800c\u4ece\u903b\u8f91\u62d3\u6251\u7ed3\u6784\u6765\u770b\u662f\u4e00\u4e2a____\u7f51\u7edc", "count": 2, "answerA": "\u661f\u5f62", "answerB": "\u603b\u7ebf\u578b", "answerC": "#", "answerD": "#", "answerE": "#", "level": "2", "score": 20, "order": 1}}, {"model": "student.fillquestion", "pk": 6, "fields": {"subject": "\u6570\u636e\u7ed3\u6784", "ability": 1, "chapter": "1\u30012\u30013", "title": "\u901a\u5e38\u4ece4\u4e2a\u65b9\u9762\u8bc4\u4ef7\u7b97\u6cd5\u7684\u8d28\u91cf", "count": 4, "answerA": "\u6b63\u786e\u6027", "answerB": "\u6613\u8bfb\u6027", "answerC": "\u5f3a\u58ee\u6027", "answerD": "\u9ad8\u6548\u6027", "answerE": "#", "level": "1", "score": 20, "order": 2}}, {"model": "student.fillquestion", "pk": 7, "fields": {"subject": "\u6570\u636e\u7ed3\u6784", "ability": 1, "chapter": "1\u30012\u30013", "title": "\u5047\u5b9a\u4e00\u68f5\u6811\u7684\u5e7f\u4e49\u8868\u8868\u793a\u4e3aA(C,D(E,F,G),H(I,J))\uff0c\u5219\u6811\u4e2d\u6240\u542b\u7684\u8282\u70b9\u6570\u4e3a__\u4e2a\uff0c\u6811\u7684\u6df1\u5ea6\u4e3a__\uff0c\u6811\u7684\u5ea6\u4e3a__\u3002", "count": 3, "answerA": "9", "answerB": "3", "answerC": "3", "answerD": "#", "answerE": "#", "level": "3", "score": 20, "order": 1}}, {"model": "student.fillquestion", "pk": 8, "fields": {"subject": "\u6570\u636e\u7ed3\u6784", "ability": 3, "chapter": "5", "title": "aov\u7f51\u662f\u4e00\u79cd___\u7684\u56fe", "count": 1, "answerA": "\u6709\u5411\u65e0\u56de\u8def", "answerB": "#", "answerC": "#", "answerD": "#", "answerE": "#", "level": "1", "score": 20, "order": 1}}, {"model": "student.fillquestion", "pk": 9, "fields": {"subject": "\u6570\u636e\u7ed3\u6784", "ability": 3, "chapter": "5", "title": "\u5bf9\u4e8e\u4e00\u4e2a\u5177\u6709n\u4e2a\u9876\u70b9\u7684\u548ce\u6761\u8fb9\u7684\u6709\u5411\u56fe\u548c\u65e0\u5411\u56fe\uff0c\u5728\u5176\u5bf9\u5e94\u7684\u90bb\u63a5\u8868\u4e2d\uff0c\u6240\u542b\u8fb9\u8282\u70b9\u5206\u522b\u6709__\u548c__\u4e2a", "count": 2, "answerA": "e", "answerB": "2e", "answerC": "#", "answerD": "#", "answerE": "#", "level": "2", "score": 20, "order": 1}}, {"model": "student.fillquestion", "pk": 10, "fields": {"subject": "\u6570\u636e\u7ed3\u6784", "ability": 2, "chapter": "4", "title": "\u5728\u5806\u6392\u5e8f\u8fc7\u7a0b\u4e2d\uff0c\u5bf9\u4efb\u4e00\u5206\u652f\u8282\u70b9\u8fdb\u884c\u7b5b\u9009\u8fd0\u7b97\u7684\u65f6\u95f4\u590d\u6742\u5ea6\u4e3a__,\u6574\u4e2a\u5806\u6392\u5e8f\u8fc7\u7a0b\u7684\u65f6\u95f4\u590d\u6742\u5ea6\u4e3a___", "count": 2, "answerA": "O(log2n)", "answerB": "O(nlog2n)", "answerC": "#", "answerD": "#", "answerE": "#", "level": "2", "score": 20, "order": 1}}, {"model": "student.fillquestion", "pk": 11, "fields": {"subject": "\u6570\u636e\u7ed3\u6784", "ability": 2, "chapter": "4", "title": "\u5411\u4e00\u68f5b-\u6811\u63d2\u5165\u5143\u7d20\u7684\u8fc7\u7a0b\u4e2d\uff0c\u82e5\u6700\u7ec8\u5f15\u8d77\u6811\u6839\u8282\u70b9\u7684\u5206\u88c2\uff0c\u5219\u65b0\u6811\u6bd4\u539f\u6811\u7684\u9ad8\u5ea6", "count": 1, "answerA": "\u589e\u52a0\u4e00", "answerB": "#", "answerC": "#", "answerD": "#", "answerE": "#", "level": "2", "score": 20, "order": 1}}, {"model": "student.paper", "pk": 27, "fields": {"pid": 1621220256, "name": "\u7f51\u7edc\u5de5\u7a0b\u7b2c\u4e00\u6b21\u8003\u8bd5", "tid": "007", "subject": "\u7f51\u7edc\u5de5\u7a0b", "level": "1", "examtime": "2021-05-17T10:56:00", "beforegrade": 100, "overtime": "2021-05-17T16:56:00", "qid": [4, 8], "fid": [1, 2, 5]}}, {"model": "student.paper", "pk": 28, "fields": {"pid": 1621255009, "name": "\u7f51\u7edc\u5de5\u7a0b\u7b2c\u4e8c\u6b21\u8003\u8bd5", "tid": "007", "subject": "\u7f51\u7edc\u5de5\u7a0b", "level": "2", "examtime": "2021-05-17T20:36:00", "beforegrade": 100, "overtime": "2021-05-17T23:36:00", "qid": [7, 8], "fid": [1, 2, 5]}}, {"model": "student.paper", "pk": 30, "fields": {"pid": 1621305965, "name": "\u7f51\u7edc\u5de5\u7a0b\u7b2c\u4e09\u6b21\u8003\u8bd5", "tid": "007", "subject": "\u7f51\u7edc\u5de5\u7a0b", "level": "1", "examtime": "2021-05-18T10:45:00", "beforegrade": 120, "overtime": "2021-05-18T14:45:00", "qid": [4, 5, 8], "fid": [1, 4, 5]}}, {"model": "student.grade", "pk": 2, "fields": {"sid": "007", "subject": "\u7f51\u7edc\u5de5\u7a0b", "grade": 40, "paper": 27}}, {"model": "student.grade", "pk": 3, "fields": {"sid": "1", "subject": "\u7f51\u7edc\u5de5\u7a0b", "grade": 100, "paper": 27}}, {"model": "student.grade", "pk": 4, "fields": {"sid": "2", "subject": "\u7f51\u7edc\u5de5\u7a0b", "grade": 66, "paper": 27}}, {"model": "student.grade", "pk": 5, "fields": {"sid": "006", "subject": "\u7f51\u7edc\u5de5\u7a0b", "grade": 79, "paper": 27}}, {"model": "student.grade", "pk": 6, "fields": {"sid": "008", "subject": "\u7f51\u7edc\u5de5\u7a0b", "grade": 80, "paper": 27}}, {"model": "student.grade", "pk": 7, "fields": {"sid": "007", "subject": "\u7f51\u7edc\u5de5\u7a0b", "grade": 86, "paper": 28}}, {"model": "student.grade", "pk": 8, "fields": {"sid": "1", "subject": "\u7f51\u7edc\u5de5\u7a0b", "grade": 80, "paper": 28}}, {"model": "student.grade", "pk": 9, "fields": {"sid": "2", "subject": "\u7f51\u7edc\u5de5\u7a0b", "grade": 100, "paper": 28}}, {"model": "student.grade", "pk": 10, "fields": {"sid": "006", "subject": "\u7f51\u7edc\u5de5\u7a0b", "grade": 86, "paper": 28}}, {"model": "student.grade", "pk": 11, "fields": {"sid": "008", "subject": "\u7f51\u7edc\u5de5\u7a0b", "grade": 70, "paper": 28}}, {"model": "student.grade", "pk": 17, "fields": {"sid": "007", "subject": "\u7f51\u7edc\u5de5\u7a0b", "grade": 83, "paper": 30}}, {"model": "student.grade", "pk": 18, "fields": {"sid": "1", "subject": "\u7f51\u7edc\u5de5\u7a0b", "grade": 83, "paper": 30}}, {"model": "student.grade", "pk": 19, "fields": {"sid": "2", "subject": "\u7f51\u7edc\u5de5\u7a0b", "grade": 83, "paper": 30}}, {"model": "student.grade", "pk": 20, "fields": {"sid": "006", "subject": "\u7f51\u7edc\u5de5\u7a0b", "grade": 83, "paper": 30}}, {"model": "student.grade", "pk": 21, "fields": {"sid": "008", "subject": "\u7f51\u7edc\u5de5\u7a0b", "grade": 100, "paper": 30}}, {"model": "student.questionanswer", "pk": 7, "fields": {"pid": 27, "qid": 4, "all": 5, "right": 5}}, {"model": "student.questionanswer", "pk": 8, "fields": {"pid": 27, "qid": 8, "all": 5, "right": 3}}, {"model": "student.questionanswer", "pk": 9, "fields": {"pid": 28, "qid": 7, "all": 5, "right": 5}}, {"model": "student.questionanswer", "pk": 10, "fields": {"pid": 28, "qid": 8, "all": 5, "right": 4}}, {"model": "student.questionanswer", "pk": 14, "fields": {"pid": 30, "qid": 4, "all": 5, "right": 1}}, {"model": "student.questionanswer", "pk": 15, "fields": {"pid": 30, "qid": 5, "all": 5, "right": 5}}, {"model": "student.questionanswer", "pk": 16, "fields": {"pid": 30, "qid": 8, "all": 5, "right": 5}}, {"model": "student.fillquestionanswer", "pk": 10, "fields": {"pid": 27, "fid": 1, "all": 5, "right": 3}}, {"model": "student.fillquestionanswer", "pk": 11, "fields": {"pid": 27, "fid": 5, "all": 5, "right": 4}}, {"model": "student.fillquestionanswer", "pk": 12, "fields": {"pid": 27, "fid": 2, "all": 5, "right": 2}}, {"model": "student.fillquestionanswer", "pk": 13, "fields": {"pid": 28, "fid": 1, "all": 5, "right": 4}}, {"model": "student.fillquestionanswer", "pk": 14, "fields": {"pid": 28, "fid": 5, "all": 5, "right": 4}}, {"model": "student.fillquestionanswer", "pk": 15, "fields": {"pid": 28, "fid": 2, "all": 5, "right": 2}}, {"model": "student.fillquestionanswer", "pk": 19, "fields": {"pid": 30, "fid": 1, "all": 5, "right": 5}}, {"model": "student.fillquestionanswer", "pk": 20, "fields": {"pid": 30, "fid": 5, "all": 5, "right": 5}}, {"model": "student.fillquestionanswer", "pk": 21, "fields": {"pid": 30, "fid": 4, "all": 5, "right": 5}}, {"model": "auth.permission", "pk": 1, "fields": {"name": "Can add log entry", "content_type": 1, "codename": "add_logentry"}}, {"model": "auth.permission", "pk": 2, "fields": {"name": "Can change log entry", "content_type": 1, "codename": "change_logentry"}}, {"model": "auth.permission", "pk": 3, "fields": {"name": "Can delete log entry", "content_type": 1, "codename": "delete_logentry"}}, {"model": "auth.permission", "pk": 4, "fields": {"name": "Can view log entry", "content_type": 1, "codename": "view_logentry"}}, {"model": "auth.permission", "pk": 5, "fields": {"name": "Can add permission", "content_type": 2, "codename": "add_permission"}}, {"model": "auth.permission", "pk": 6, "fields": {"name": "Can change permission", "content_type": 2, "codename": "change_permission"}}, {"model": "auth.permission", "pk": 7, "fields": {"name": "Can delete permission", "content_type": 2, "codename": "delete_permission"}}, {"model": "auth.permission", "pk": 8, "fields": {"name": "Can view permission", "content_type": 2, "codename": "view_permission"}}, {"model": "auth.permission", "pk": 9, "fields": {"name": "Can add group", "content_type": 3, "codename": "add_group"}}, {"model": "auth.permission", "pk": 10, "fields": {"name": "Can change group", "content_type": 3, "codename": "change_group"}}, {"model": "auth.permission", "pk": 11, "fields": {"name": "Can delete group", "content_type": 3, "codename": "delete_group"}}, {"model": "auth.permission", "pk": 12, "fields": {"name": "Can view group", "content_type": 3, "codename": "view_group"}}, {"model": "auth.permission", "pk": 13, "fields": {"name": "Can add user", "content_type": 4, "codename": "add_user"}}, {"model": "auth.permission", "pk": 14, "fields": {"name": "Can change user", "content_type": 4, "codename": "change_user"}}, {"model": "auth.permission", "pk": 15, "fields": {"name": "Can delete user", "content_type": 4, "codename": "delete_user"}}, {"model": "auth.permission", "pk": 16, "fields": {"name": "Can view user", "content_type": 4, "codename": "view_user"}}, {"model": "auth.permission", "pk": 17, "fields": {"name": "Can add content type", "content_type": 5, "codename": "add_contenttype"}}, {"model": "auth.permission", "pk": 18, "fields": {"name": "Can change content type", "content_type": 5, "codename": "change_contenttype"}}, {"model": "auth.permission", "pk": 19, "fields": {"name": "Can delete content type", "content_type": 5, "codename": "delete_contenttype"}}, {"model": "auth.permission", "pk": 20, "fields": {"name": "Can view content type", "content_type": 5, "codename": "view_contenttype"}}, {"model": "auth.permission", "pk": 21, "fields": {"name": "Can add session", "content_type": 6, "codename": "add_session"}}, {"model": "auth.permission", "pk": 22, "fields": {"name": "Can change session", "content_type": 6, "codename": "change_session"}}, {"model": "auth.permission", "pk": 23, "fields": {"name": "Can delete session", "content_type": 6, "codename": "delete_session"}}, {"model": "auth.permission", "pk": 24, "fields": {"name": "Can view session", "content_type": 6, "codename": "view_session"}}, {"model": "auth.permission", "pk": 25, "fields": {"name": "Can add \u80fd\u529b\u8bc4\u7ea7\u5e93", "content_type": 7, "codename": "add_ability"}}, {"model": "auth.permission", "pk": 26, "fields": {"name": "Can change \u80fd\u529b\u8bc4\u7ea7\u5e93", "content_type": 7, "codename": "change_ability"}}, {"model": "auth.permission", "pk": 27, "fields": {"name": "Can delete \u80fd\u529b\u8bc4\u7ea7\u5e93", "content_type": 7, "codename": "delete_ability"}}, {"model": "auth.permission", "pk": 28, "fields": {"name": "Can view \u80fd\u529b\u8bc4\u7ea7\u5e93", "content_type": 7, "codename": "view_ability"}}, {"model": "auth.permission", "pk": 29, "fields": {"name": "Can add \u5b66\u9662", "content_type": 8, "codename": "add_dept"}}, {"model": "auth.permission", "pk": 30, "fields": {"name": "Can change \u5b66\u9662", "content_type": 8, "codename": "change_dept"}}, {"model": "auth.permission", "pk": 31, "fields": {"name": "Can delete \u5b66\u9662", "content_type": 8, "codename": "delete_dept"}}, {"model": "auth.permission", "pk": 32, "fields": {"name": "Can view \u5b66\u9662", "content_type": 8, "codename": "view_dept"}}, {"model": "auth.permission", "pk": 33, "fields": {"name": "Can add \u586b\u7a7a\u9898\u5e93", "content_type": 9, "codename": "add_fillquestion"}}, {"model": "auth.permission", "pk": 34, "fields": {"name": "Can change \u586b\u7a7a\u9898\u5e93", "content_type": 9, "codename": "change_fillquestion"}}, {"model": "auth.permission", "pk": 35, "fields": {"name": "Can delete \u586b\u7a7a\u9898\u5e93", "content_type": 9, "codename": "delete_fillquestion"}}, {"model": "auth.permission", "pk": 36, "fields": {"name": "Can view \u586b\u7a7a\u9898\u5e93", "content_type": 9, "codename": "view_fillquestion"}}, {"model": "auth.permission", "pk": 37, "fields": {"name": "Can add \u4e13\u4e1a", "content_type": 10, "codename": "add_major"}}, {"model": "auth.permission", "pk": 38, "fields": {"name": "Can change \u4e13\u4e1a", "content_type": 10, "codename": "change_major"}}, {"model": "auth.permission", "pk": 39, "fields": {"name": "Can delete \u4e13\u4e1a", "content_type": 10, "codename": "delete_major"}}, {"model": "auth.permission", "pk": 40, "fields": {"name": "Can view \u4e13\u4e1a", "content_type": 10, "codename": "view_major"}}, {"model": "auth.permission", "pk": 41, "fields": {"name": "Can add \u8bd5\u5377", "content_type": 11, "codename": "add_paper"}}, {"model": "auth.permission", "pk": 42, "fields": {"name": "Can change \u8bd5\u5377", "content_type": 11, "codename": "change_paper"}}, {"model": "auth.permission", "pk": 43, "fields": {"name": "Can delete \u8bd5\u5377", "content_type": 11, "codename": "delete_paper"}}, {"model": "auth.permission", "pk": 44, "fields": {"name": "Can view \u8bd5\u5377", "content_type": 11, "codename": "view_paper"}}, {"model": "auth.permission", "pk": 45, "fields": {"name": "Can add \u5355\u9879\u9009\u62e9\u9898\u5e93", "content_type": 12, "codename": "add_question"}}, {"model": "auth.permission", "pk": 46, "fields": {"name": "Can change \u5355\u9879\u9009\u62e9\u9898\u5e93", "content_type": 12, "codename": "change_question"}}, {"model": "auth.permission", "pk": 47, "fields": {"name": "Can delete \u5355\u9879\u9009\u62e9\u9898\u5e93", "content_type": 12, "codename": "delete_question"}}, {"model": "auth.permission", "pk": 48, "fields": {"name": "Can view \u5355\u9879\u9009\u62e9\u9898\u5e93", "content_type": 12, "codename": "view_question"}}, {"model": "auth.permission", "pk": 49, "fields": {"name": "Can add \u5b66\u751f", "content_type": 13, "codename": "add_student"}}, {"model": "auth.permission", "pk": 50, "fields": {"name": "Can change \u5b66\u751f", "content_type": 13, "codename": "change_student"}}, {"model": "auth.permission", "pk": 51, "fields": {"name": "Can delete \u5b66\u751f", "content_type": 13, "codename": "delete_student"}}, {"model": "auth.permission", "pk": 52, "fields": {"name": "Can view \u5b66\u751f", "content_type": 13, "codename": "view_student"}}, {"model": "auth.permission", "pk": 53, "fields": {"name": "Can add \u6559\u5e08", "content_type": 14, "codename": "add_teacher"}}, {"model": "auth.permission", "pk": 54, "fields": {"name": "Can change \u6559\u5e08", "content_type": 14, "codename": "change_teacher"}}, {"model": "auth.permission", "pk": 55, "fields": {"name": "Can delete \u6559\u5e08", "content_type": 14, "codename": "delete_teacher"}}, {"model": "auth.permission", "pk": 56, "fields": {"name": "Can view \u6559\u5e08", "content_type": 14, "codename": "view_teacher"}}, {"model": "auth.permission", "pk": 57, "fields": {"name": "Can add \u8bfe\u7a0b", "content_type": 15, "codename": "add_subject"}}, {"model": "auth.permission", "pk": 58, "fields": {"name": "Can change \u8bfe\u7a0b", "content_type": 15, "codename": "change_subject"}}, {"model": "auth.permission", "pk": 59, "fields": {"name": "Can delete \u8bfe\u7a0b", "content_type": 15, "codename": "delete_subject"}}, {"model": "auth.permission", "pk": 60, "fields": {"name": "Can view \u8bfe\u7a0b", "content_type": 15, "codename": "view_subject"}}, {"model": "auth.permission", "pk": 61, "fields": {"name": "Can add \u9009\u62e9\u9898\u7b54\u9898\u60c5\u51b5", "content_type": 16, "codename": "add_questionanswer"}}, {"model": "auth.permission", "pk": 62, "fields": {"name": "Can change \u9009\u62e9\u9898\u7b54\u9898\u60c5\u51b5", "content_type": 16, "codename": "change_questionanswer"}}, {"model": "auth.permission", "pk": 63, "fields": {"name": "Can delete \u9009\u62e9\u9898\u7b54\u9898\u60c5\u51b5", "content_type": 16, "codename": "delete_questionanswer"}}, {"model": "auth.permission", "pk": 64, "fields": {"name": "Can view \u9009\u62e9\u9898\u7b54\u9898\u60c5\u51b5", "content_type": 16, "codename": "view_questionanswer"}}, {"model": "auth.permission", "pk": 65, "fields": {"name": "Can add \u6210\u7ee9", "content_type": 17, "codename": "add_grade"}}, {"model": "auth.permission", "pk": 66, "fields": {"name": "Can change \u6210\u7ee9", "content_type": 17, "codename": "change_grade"}}, {"model": "auth.permission", "pk": 67, "fields": {"name": "Can delete \u6210\u7ee9", "content_type": 17, "codename": "delete_grade"}}, {"model": "auth.permission", "pk": 68, "fields": {"name": "Can view \u6210\u7ee9", "content_type": 17, "codename": "view_grade"}}, {"model": "auth.permission", "pk": 69, "fields": {"name": "Can add \u586b\u7a7a\u9898\u7b54\u9898\u60c5\u51b5", "content_type": 18, "codename": "add_fillquestionanswer"}}, {"model": "auth.permission", "pk": 70, "fields": {"name": "Can change \u586b\u7a7a\u9898\u7b54\u9898\u60c5\u51b5", "content_type": 18, "codename": "change_fillquestionanswer"}}, {"model": "auth.permission", "pk": 71, "fields": {"name": "Can delete \u586b\u7a7a\u9898\u7b54\u9898\u60c5\u51b5", "content_type": 18, "codename": "delete_fillquestionanswer"}}, {"model": "auth.permission", "pk": 72, "fields": {"name": "Can view \u586b\u7a7a\u9898\u7b54\u9898\u60c5\u51b5", "content_type": 18, "codename": "view_fillquestionanswer"}}, {"model": "auth.user", "pk": 1, "fields": {"password": "pbkdf2_sha256$150000$eUez7KEeV10Y$0qlOZdMt8Jec11l4FdKjdUX74B0lqjRMh1kS9nwx4NU=", "last_login": "2021-05-12T14:29:50.873", "is_superuser": true, "username": "admin", "first_name": "", "last_name": "", "email": "", "is_staff": true, "is_active": true, "date_joined": "2021-05-03T09:35:47.174", "groups": [], "user_permissions": []}}, {"model": "admin.logentry", "pk": 1, "fields": {"action_time": "2021-05-05T02:51:09.403", "user": 1, "content_type": 15, "object_id": "4", "object_repr": "Subject object (4)", "action_flag": 1, "change_message": "[{\"added\": {}}]"}}, {"model": "admin.logentry", "pk": 2, "fields": {"action_time": "2021-05-05T03:01:36.333", "user": 1, "content_type": 15, "object_id": "5", "object_repr": "Subject object (5)", "action_flag": 1, "change_message": "[{\"added\": {}}]"}}, {"model": "admin.logentry", "pk": 3, "fields": {"action_time": "2021-05-05T07:23:40.746", "user": 1, "content_type": 14, "object_id": "007", "object_repr": "\u90ed\u9756", "action_flag": 1, "change_message": "[{\"added\": {}}]"}}, {"model": "admin.logentry", "pk": 4, "fields": {"action_time": "2021-05-05T07:25:39.053", "user": 1, "content_type": 13, "object_id": "006", "object_repr": "006", "action_flag": 1, "change_message": "[{\"added\": {}}]"}}, {"model": "admin.logentry", "pk": 5, "fields": {"action_time": "2021-05-05T07:27:44.255", "user": 1, "content_type": 13, "object_id": "007", "object_repr": "007", "action_flag": 1, "change_message": "[{\"added\": {}}]"}}, {"model": "admin.logentry", "pk": 6, "fields": {"action_time": "2021-05-05T07:28:51.501", "user": 1, "content_type": 13, "object_id": "008", "object_repr": "008", "action_flag": 1, "change_message": "[{\"added\": {}}]"}}, {"model": "admin.logentry", "pk": 7, "fields": {"action_time": "2021-05-05T07:32:02.354", "user": 1, "content_type": 15, "object_id": "6", "object_repr": "Subject object (6)", "action_flag": 1, "change_message": "[{\"added\": {}}]"}}, {"model": "admin.logentry", "pk": 8, "fields": {"action_time": "2021-05-05T07:35:57.522", "user": 1, "content_type": 15, "object_id": "7", "object_repr": "Subject object (7)", "action_flag": 1, "change_message": "[{\"added\": {}}]"}}, {"model": "admin.logentry", "pk": 9, "fields": {"action_time": "2021-05-05T07:41:55.848", "user": 1, "content_type": 15, "object_id": "8", "object_repr": "Subject object (8)", "action_flag": 1, "change_message": "[{\"added\": {}}]"}}]